epoch,loss
1,1.17
2,1.05
3,0.9299999999999999
4,0.81
5,0.69
6,0.5700000000000001
7,0.45000000000000007
8,0.33000000000000007
9,0.21000000000000008
10,0.09
